-1,NULL,NULL,-1
1,Parker,Doe,A neat client!
2,Grey,Doe,A neat client!
3,Jeremiah,Doe,A neat client!
4,Nila,Doe,A neat client!
5,Erica,Doe,A neat client!
6,Nick,Doe,A neat client!
7,Jonah,Doe,A neat client!
8,Matt,Doe,A neat client!
9,Matt,Doe,A neat client!
10,Matt,Doe,A neat client!
11,Lindsay,Doe,A neat client!
12,Joe,Doe,A neat client!
13,Mateo,Doe,A neat client!
14,Cleo,Doe,A neat client!
15,Adam,Doe,A neat client!
16,Angel,Doe,A neat client!
17,Kevin,Doe,A neat client!
18,Stephen,Doe,A neat client!
19,Nica,Doe,A neat client!
20,Katie,Doe,A neat client!
21,Arushi,Doe,A neat client!
22,Jennifer,Doe,A neat client!
23,Kristen,Doe,A neat client!
24,JC,Doe,A neat client!
25,John,Doe,A neat client!
26,Sigrid,Doe,A neat client!
27,Ladan,Doe,A neat client!
28,Erin,Doe,A neat client!
29,Victoria,Doe,A neat client!
30,Katie,Doe,A neat client!
31,Anthony,Doe,A neat client!
32,Kathy,Doe,A neat client!
33,Tim,Doe,A neat client!
34,Camp,Doe,A neat client!
35,Generic,Doe,A neat client!
36,John,Doe,A neat client!
37,Jennifer,Doe,A neat client!
38,Evelyn,Doe,A neat client!
39,Teddy,Doe,A neat client!
40,Rob,Doe,A neat client!
41,Gautam (G.I),Doe,A neat client!
42,Jack,Doe,A neat client!
43,SRMG Kids Camp,Doe,A neat client!
44,Tensin,Doe,A neat client!
45,Sam,Doe,A neat client!
46,Asher,Doe,A neat client!
47,Justin,Doe,A neat client!
48,Hansen,Doe,A neat client!
49,Lucy,Doe,A neat client!
50,Megan,Doe,A neat client!
51,Hayden,Doe,A neat client!
52,Olivia,Doe,A neat client!
53,Alex,Doe,A neat client!
54,Rachel,Doe,A neat client!
55,Harry,Doe,A neat client!
56,Sunny,Doe,A neat client!
57,William,Doe,A neat client!
58,Kalyna,Doe,A neat client!
59,Augustyn,Doe,A neat client!
60,Lev,Doe,A neat client!
61,Brian,Doe,A neat client!
62,Bryant,Doe,A neat client!
63,Tony,Doe,A neat client!
64,Eden,Doe,A neat client!
65,Faith,Doe,A neat client!
66,Molly,Doe,A neat client!
67,Ethan,Doe,A neat client!
68,Acer,Doe,A neat client!
69,Rowyn,Doe,A neat client!
70,David,Doe,A neat client!
71,Sara,Doe,A neat client!
72,Jacob,Doe,A neat client!
73,John,Doe,A neat client!
74,Matt,Doe,A neat client!
75,Nick,Doe,A neat client!
76,Matt,Doe,A neat client!
77,Michelle,Doe,A neat client!
78,Jihan,Doe,A neat client!
79,Chenqian,Doe,A neat client!
80,Brian,Doe,A neat client!
81,Angela,Doe,A neat client!
82,Thomas,Doe,A neat client!
83,Vince,Doe,A neat client!
84,Zhen,Doe,A neat client!
