-1,NULL
1,A cool crew! :D
2,A cool crew! :D
3,A cool crew! :D
4,A cool crew! :D
5,A cool crew! :D
6,A cool crew! :D
7,A cool crew! :D
8,A cool crew! :D
9,A cool crew! :D
10,A cool crew! :D
11,A cool crew! :D
12,A cool crew! :D
13,A cool crew! :D
14,A cool crew! :D
15,A cool crew! :D
16,A cool crew! :D
17,A cool crew! :D
18,A cool crew! :D
19,A cool crew! :D
20,A cool crew! :D
21,A cool crew! :D
22,A cool crew! :D
23,A cool crew! :D
24,A cool crew! :D
25,A cool crew! :D
26,A cool crew! :D
27,A cool crew! :D
28,A cool crew! :D
29,A cool crew! :D
30,A cool crew! :D
31,A cool crew! :D
32,A cool crew! :D
33,A cool crew! :D
34,A cool crew! :D
35,A cool crew! :D
36,A cool crew! :D
37,A cool crew! :D
38,A cool crew! :D
39,A cool crew! :D
40,A cool crew! :D
41,A cool crew! :D
42,A cool crew! :D
43,A cool crew! :D
44,A cool crew! :D
45,A cool crew! :D
46,A cool crew! :D
47,A cool crew! :D
48,A cool crew! :D
49,A cool crew! :D
50,A cool crew! :D
51,A cool crew! :D
52,A cool crew! :D
53,A cool crew! :D
54,A cool crew! :D
55,A cool crew! :D
56,A cool crew! :D
57,A cool crew! :D
58,A cool crew! :D
59,A cool crew! :D
60,A cool crew! :D
61,A cool crew! :D
62,A cool crew! :D
63,A cool crew! :D
64,A cool crew! :D
65,A cool crew! :D
66,A cool crew! :D
67,A cool crew! :D
68,A cool crew! :D
69,A cool crew! :D
70,A cool crew! :D
71,A cool crew! :D
72,A cool crew! :D
73,A cool crew! :D
74,A cool crew! :D
75,A cool crew! :D
76,A cool crew! :D
77,A cool crew! :D
78,A cool crew! :D
79,A cool crew! :D
80,A cool crew! :D
81,A cool crew! :D
82,A cool crew! :D
83,A cool crew! :D
84,A cool crew! :D
85,A cool crew! :D
86,A cool crew! :D
87,A cool crew! :D
88,A cool crew! :D
89,A cool crew! :D
90,A cool crew! :D
91,A cool crew! :D
92,A cool crew! :D
93,A cool crew! :D
94,A cool crew! :D
95,A cool crew! :D
96,A cool crew! :D
97,A cool crew! :D
98,A cool crew! :D
99,A cool crew! :D
100,A cool crew! :D
101,A cool crew! :D
102,A cool crew! :D
103,A cool crew! :D
104,A cool crew! :D
105,A cool crew! :D
106,A cool crew! :D
107,A cool crew! :D
108,A cool crew! :D
109,A cool crew! :D
110,A cool crew! :D
111,A cool crew! :D
112,A cool crew! :D
113,A cool crew! :D
114,A cool crew! :D
115,A cool crew! :D
116,A cool crew! :D
117,A cool crew! :D
118,A cool crew! :D
119,A cool crew! :D
120,A cool crew! :D
121,A cool crew! :D
122,A cool crew! :D
